directory_name,model,lr,benchmark,task,seed,accuracy,mcc,f1,precision,recall,runtime,epoch
/ocean/projects/bio230026p/lindseyl/TOKENIZATION_FINAL_PAPER/RESULTS_05.27.2025/RESULTS/DNABERT2/GB/gb_DNABERT2_3e-5_drosophilia_enhancers_seed7/results/DNABERT2_3e-5_drosophilia_enhancers_seed7,DNABERT2,3e-5,GB,drosophilia_enhancers,7,0.7612156295224313,0.5392095046600521,0.760491306348036,0.7728915973764396,0.7663574957152939,0.6458,6.0
/ocean/projects/bio230026p/lindseyl/TOKENIZATION_FINAL_PAPER/RESULTS_05.27.2025/RESULTS/DNABERT2/GB/gb_DNABERT2_3e-5_human_ocr_ensembl_seed2/results/DNABERT2_3e-5_human_ocr_ensembl_seed2,DNABERT2,3e-5,GB,human_ocr_ensembl,2,0.8139734493018997,0.6294620358012077,0.8138664530345576,0.8152235815428395,0.8142392239309304,52.9622,6.0
/ocean/projects/bio230026p/lindseyl/TOKENIZATION_FINAL_PAPER/RESULTS_05.27.2025/RESULTS/DNABERT2/GB/gb_DNABERT2_3e-5_demo_coding_vs_intergenomic_seed9/results/DNABERT2_3e-5_demo_coding_vs_intergenomic_seed9,DNABERT2,3e-5,GB,demo_coding_vs_intergenomic,9,0.9377,0.8753945752550687,0.9376972032274529,0.9376955280088273,0.9376990472533154,4.6712,6.0
/ocean/projects/bio230026p/lindseyl/TOKENIZATION_FINAL_PAPER/RESULTS_05.27.2025/RESULTS/DNABERT2/GB/gb_DNABERT2_3e-5_dummy_mouse_enhancers_seed4/results/DNABERT2_3e-5_dummy_mouse_enhancers_seed4,DNABERT2,3e-5,GB,dummy_mouse_enhancers,4,0.6776859504132231,0.3622156596315586,0.6773333333333333,0.6802134646962233,0.6820066334991708,0.1305,6.0
/ocean/projects/bio230026p/lindseyl/TOKENIZATION_FINAL_PAPER/RESULTS_05.27.2025/RESULTS/DNABERT2/GB/gb_DNABERT2_3e-5_human_enhancers_ensembl_seed6/results/DNABERT2_3e-5_human_enhancers_ensembl_seed6,DNABERT2,3e-5,GB,human_enhancers_ensembl,6,0.903771635236373,0.8076879684021552,0.9037700923742312,0.9038732294422926,0.903814741077567,30.1186,6.0
/ocean/projects/bio230026p/lindseyl/TOKENIZATION_FINAL_PAPER/RESULTS_05.27.2025/RESULTS/DNABERT2/GB/gb_DNABERT2_3e-5_dummy_mouse_enhancers_seed10/results/DNABERT2_3e-5_dummy_mouse_enhancers_seed10,DNABERT2,3e-5,GB,dummy_mouse_enhancers,10,0.7355371900826446,0.467072964098204,0.7333333333333334,0.7328296703296704,0.7342454394693201,0.1215,6.0
/ocean/projects/bio230026p/lindseyl/TOKENIZATION_FINAL_PAPER/RESULTS_05.27.2025/RESULTS/DNABERT2/GB/gb_DNABERT2_3e-5_demo_human_or_worm_seed3/results/DNABERT2_3e-5_demo_human_or_worm_seed3,DNABERT2,3e-5,GB,demo_human_or_worm,3,0.973,0.9461986605443977,0.9729857094402938,0.9733345763534091,0.9728642011076929,8.5185,6.0
/ocean/projects/bio230026p/lindseyl/TOKENIZATION_FINAL_PAPER/RESULTS_05.27.2025/RESULTS/DNABERT2/GB/gb_DNABERT2_3e-5_drosophilia_enhancers_seed5/results/DNABERT2_3e-5_drosophilia_enhancers_seed5,DNABERT2,3e-5,GB,drosophilia_enhancers,5,0.7539797395079595,0.5163213386614007,0.7538637544630136,0.7590107232257628,0.757313405249185,0.665,6.0
/ocean/projects/bio230026p/lindseyl/TOKENIZATION_FINAL_PAPER/RESULTS_05.27.2025/RESULTS/DNABERT2/GB/gb_DNABERT2_3e-5_human_enhancers_cohn_seed3/results/DNABERT2_3e-5_human_enhancers_cohn_seed3,DNABERT2,3e-5,GB,human_enhancers_cohn,3,0.7473911478949262,0.494799373384543,0.7470956009321457,0.747741310434751,0.7470585340330409,2.2483,6.0
/ocean/projects/bio230026p/lindseyl/TOKENIZATION_FINAL_PAPER/RESULTS_05.27.2025/RESULTS/DNABERT2/GB/gb_DNABERT2_3e-5_demo_coding_vs_intergenomic_seed7/results/DNABERT2_3e-5_demo_coding_vs_intergenomic_seed7,DNABERT2,3e-5,GB,demo_coding_vs_intergenomic,7,0.9498,0.8997214820115026,0.9497999497999499,0.9498679393030836,0.9498535428235984,4.6279,6.0
/ocean/projects/bio230026p/lindseyl/TOKENIZATION_FINAL_PAPER/RESULTS_05.27.2025/RESULTS/DNABERT2/GB/gb_DNABERT2_3e-5_demo_human_or_worm_seed6/results/DNABERT2_3e-5_demo_human_or_worm_seed6,DNABERT2,3e-5,GB,demo_human_or_worm,6,0.9751,0.9503016876578364,0.9750899360850778,0.9753018366399258,0.9749998989849649,8.0499,6.0
/ocean/projects/bio230026p/lindseyl/TOKENIZATION_FINAL_PAPER/RESULTS_05.27.2025/RESULTS/DNABERT2/GB/gb_DNABERT2_3e-5_demo_coding_vs_intergenomic_seed8/results/DNABERT2_3e-5_demo_coding_vs_intergenomic_seed8,DNABERT2,3e-5,GB,demo_coding_vs_intergenomic,8,0.9493,0.8986343670362461,0.9492996303943055,0.9493067502252805,0.9493276170532357,4.653,6.0
/ocean/projects/bio230026p/lindseyl/TOKENIZATION_FINAL_PAPER/RESULTS_05.27.2025/RESULTS/DNABERT2/GB/gb_DNABERT2_3e-5_drosophilia_enhancers_seed9/results/DNABERT2_3e-5_drosophilia_enhancers_seed9,DNABERT2,3e-5,GB,drosophilia_enhancers,9,0.7467438494934877,0.5074846735039638,0.7461995521106837,0.7561290874850197,0.7513778270659004,0.6473,6.0
/ocean/projects/bio230026p/lindseyl/TOKENIZATION_FINAL_PAPER/RESULTS_05.27.2025/RESULTS/DNABERT2/GB/gb_DNABERT2_3e-5_demo_human_or_worm_seed4/results/DNABERT2_3e-5_demo_human_or_worm_seed4,DNABERT2,3e-5,GB,demo_human_or_worm,4,0.9754,0.9508133956150843,0.9753979176797524,0.9753804536246373,0.9754329434393014,8.213,6.0
/ocean/projects/bio230026p/lindseyl/TOKENIZATION_FINAL_PAPER/RESULTS_05.27.2025/RESULTS/DNABERT2/GB/gb_DNABERT2_3e-5_dummy_mouse_enhancers_seed8/results/DNABERT2_3e-5_dummy_mouse_enhancers_seed8,DNABERT2,3e-5,GB,dummy_mouse_enhancers,8,0.6859504132231405,0.3731856589281362,0.6848958333333334,0.6855191256830602,0.6876727473742399,0.1214,6.0
/ocean/projects/bio230026p/lindseyl/TOKENIZATION_FINAL_PAPER/RESULTS_05.27.2025/RESULTS/DNABERT2/GB/gb_DNABERT2_3e-5_demo_coding_vs_intergenomic_seed1/results/DNABERT2_3e-5_demo_coding_vs_intergenomic_seed1,DNABERT2,3e-5,GB,demo_coding_vs_intergenomic,1,0.9483,0.8967241662835648,0.9482869264178677,0.9484890386983611,0.9482351635230126,4.9174,6.0
/ocean/projects/bio230026p/lindseyl/TOKENIZATION_FINAL_PAPER/RESULTS_05.27.2025/RESULTS/DNABERT2/GB/gb_DNABERT2_3e-5_human_nontata_promoters_seed3/results/DNABERT2_3e-5_human_nontata_promoters_seed3,DNABERT2,3e-5,GB,human_nontata_promoters,3,0.9097702740105176,0.826499861102837,0.9096689594580251,0.9115134054613048,0.9149937835179721,1.9869,6.0
/ocean/projects/bio230026p/lindseyl/TOKENIZATION_FINAL_PAPER/RESULTS_05.27.2025/RESULTS/DNABERT2/GB/gb_DNABERT2_3e-5_human_ocr_ensembl_seed4/results/DNABERT2_3e-5_human_ocr_ensembl_seed4,DNABERT2,3e-5,GB,human_ocr_ensembl,4,0.811284046692607,0.6267330349990057,0.8108717092785069,0.8149968521850999,0.8117446209654892,44.2691,6.0
/ocean/projects/bio230026p/lindseyl/TOKENIZATION_FINAL_PAPER/RESULTS_05.27.2025/RESULTS/DNABERT2/GB/gb_DNABERT2_3e-5_human_nontata_promoters_seed7/results/DNABERT2_3e-5_human_nontata_promoters_seed7,DNABERT2,3e-5,GB,human_nontata_promoters,7,0.9247163022419043,0.8545274947413694,0.9245810553200372,0.9253160107409635,0.9292204036692708,1.8856,6.0
/ocean/projects/bio230026p/lindseyl/TOKENIZATION_FINAL_PAPER/RESULTS_05.27.2025/RESULTS/DNABERT2/GB/gb_DNABERT2_3e-5_human_enhancers_cohn_seed2/results/DNABERT2_3e-5_human_enhancers_cohn_seed2,DNABERT2,3e-5,GB,human_enhancers_cohn,2,0.7448722562072688,0.4898081834633782,0.744861552263336,0.7448801165168425,0.7449280692938514,2.2414,6.0
/ocean/projects/bio230026p/lindseyl/TOKENIZATION_FINAL_PAPER/RESULTS_05.27.2025/RESULTS/DNABERT2/GB/gb_DNABERT2_3e-5_human_enhancers_cohn_seed1/results/DNABERT2_3e-5_human_enhancers_cohn_seed1,DNABERT2,3e-5,GB,human_enhancers_cohn,1,0.7470313062252609,0.4950775323893042,0.7462520740993295,0.7486821741903775,0.746400615438811,2.3332,6.0
/ocean/projects/bio230026p/lindseyl/TOKENIZATION_FINAL_PAPER/RESULTS_05.27.2025/RESULTS/DNABERT2/GB/gb_DNABERT2_3e-5_dummy_mouse_enhancers_seed3/results/DNABERT2_3e-5_dummy_mouse_enhancers_seed3,DNABERT2,3e-5,GB,dummy_mouse_enhancers,3,0.6942148760330579,0.39549439525450364,0.6938803418803419,0.6967706622879036,0.6987285793255942,0.6745,6.0
/ocean/projects/bio230026p/lindseyl/TOKENIZATION_FINAL_PAPER/RESULTS_05.27.2025/RESULTS/DNABERT2/GB/gb_DNABERT2_3e-5_human_ocr_ensembl_seed8/results/DNABERT2_3e-5_human_ocr_ensembl_seed8,DNABERT2,3e-5,GB,human_ocr_ensembl,8,0.8136301213092241,0.6272320191723297,0.8135958391456914,0.8136583672228743,0.8135736576695942,42.38,6.0
/ocean/projects/bio230026p/lindseyl/TOKENIZATION_FINAL_PAPER/RESULTS_05.27.2025/RESULTS/DNABERT2/GB/gb_DNABERT2_3e-5_human_ocr_ensembl_seed3/results/DNABERT2_3e-5_human_ocr_ensembl_seed3,DNABERT2,3e-5,GB,human_ocr_ensembl,3,0.8058480201419089,0.6119583296576065,0.8057068915076435,0.8062825828206762,0.8056760474171232,44.3443,6.0
/ocean/projects/bio230026p/lindseyl/TOKENIZATION_FINAL_PAPER/RESULTS_05.27.2025/RESULTS/DNABERT2/GB/gb_DNABERT2_3e-5_demo_coding_vs_intergenomic_seed3/results/DNABERT2_3e-5_demo_coding_vs_intergenomic_seed3,DNABERT2,3e-5,GB,demo_coding_vs_intergenomic,3,0.9475,0.8950075024924047,0.9474946439286271,0.9475317779369877,0.9474757263105893,5.3699,6.0
/ocean/projects/bio230026p/lindseyl/TOKENIZATION_FINAL_PAPER/RESULTS_05.27.2025/RESULTS/DNABERT2/GB/gb_DNABERT2_3e-5_human_ocr_ensembl_seed5/results/DNABERT2_3e-5_human_ocr_ensembl_seed5,DNABERT2,3e-5,GB,human_ocr_ensembl,5,0.8137445639734493,0.6298705031252071,0.8135455145243596,0.815787824081039,0.8140849808425394,43.9136,6.0
/ocean/projects/bio230026p/lindseyl/TOKENIZATION_FINAL_PAPER/RESULTS_05.27.2025/RESULTS/DNABERT2/GB/gb_DNABERT2_3e-5_demo_human_or_worm_seed8/results/DNABERT2_3e-5_demo_human_or_worm_seed8,DNABERT2,3e-5,GB,demo_human_or_worm,8,0.9751,0.9501942193101319,0.9750954611477941,0.975113788924326,0.9750804309713458,7.8648,6.0
/ocean/projects/bio230026p/lindseyl/TOKENIZATION_FINAL_PAPER/RESULTS_05.27.2025/RESULTS/DNABERT2/GB/gb_DNABERT2_3e-5_human_enhancers_ensembl_seed4/results/DNABERT2_3e-5_human_enhancers_ensembl_seed4,DNABERT2,3e-5,GB,human_enhancers_ensembl,4,0.9009299922500645,0.8021317874193303,0.9009244317195905,0.9011412071450637,0.9009905944142089,31.1168,6.0
/ocean/projects/bio230026p/lindseyl/TOKENIZATION_FINAL_PAPER/RESULTS_05.27.2025/RESULTS/DNABERT2/GB/gb_DNABERT2_3e-5_human_enhancers_ensembl_seed8/results/DNABERT2_3e-5_human_enhancers_ensembl_seed8,DNABERT2,3e-5,GB,human_enhancers_ensembl,8,0.9042237148023766,0.8084576873742219,0.9042231071941681,0.9042237148023766,0.9042339726369217,31.7125,6.0
/ocean/projects/bio230026p/lindseyl/TOKENIZATION_FINAL_PAPER/RESULTS_05.27.2025/RESULTS/DNABERT2/GB/gb_DNABERT2_3e-5_demo_human_or_worm_seed9/results/DNABERT2_3e-5_demo_human_or_worm_seed9,DNABERT2,3e-5,GB,demo_human_or_worm,9,0.9761,0.9522036233737399,0.9760946927827447,0.9761401291664107,0.9760634972909368,7.8822,6.0
/ocean/projects/bio230026p/lindseyl/TOKENIZATION_FINAL_PAPER/RESULTS_05.27.2025/RESULTS/DNABERT2/GB/gb_DNABERT2_3e-5_human_enhancers_cohn_seed4/results/DNABERT2_3e-5_human_enhancers_cohn_seed4,DNABERT2,3e-5,GB,human_enhancers_cohn,4,0.7473911478949262,0.4947642789433573,0.7471199912891987,0.7476859136746092,0.7470787378323913,2.3499,6.0
/ocean/projects/bio230026p/lindseyl/TOKENIZATION_FINAL_PAPER/RESULTS_05.27.2025/RESULTS/DNABERT2/GB/gb_DNABERT2_3e-5_demo_coding_vs_intergenomic_seed6/results/DNABERT2_3e-5_demo_coding_vs_intergenomic_seed6,DNABERT2,3e-5,GB,demo_coding_vs_intergenomic,6,0.9499,0.8998378459306946,0.9498996868730429,0.9499087996351985,0.9499290465232797,5.0138,6.0
/ocean/projects/bio230026p/lindseyl/TOKENIZATION_FINAL_PAPER/RESULTS_05.27.2025/RESULTS/DNABERT2/GB/gb_DNABERT2_3e-5_dummy_mouse_enhancers_seed5/results/DNABERT2_3e-5_dummy_mouse_enhancers_seed5,DNABERT2,3e-5,GB,dummy_mouse_enhancers,5,0.71900826446281,0.44756781159048387,0.7188354291962822,0.7228618421052632,0.724709784411277,0.1257,6.0
/ocean/projects/bio230026p/lindseyl/TOKENIZATION_FINAL_PAPER/RESULTS_05.27.2025/RESULTS/DNABERT2/GB/gb_DNABERT2_3e-5_drosophilia_enhancers_seed1/results/DNABERT2_3e-5_drosophilia_enhancers_seed1,DNABERT2,3e-5,GB,drosophilia_enhancers,1,0.7424023154848046,0.49244095847419384,0.7423111088763743,0.7468955380222677,0.745547266189468,0.6702,6.0
/ocean/projects/bio230026p/lindseyl/TOKENIZATION_FINAL_PAPER/RESULTS_05.27.2025/RESULTS/DNABERT2/GB/gb_DNABERT2_3e-5_demo_coding_vs_intergenomic_seed2/results/DNABERT2_3e-5_demo_coding_vs_intergenomic_seed2,DNABERT2,3e-5,GB,demo_coding_vs_intergenomic,2,0.9465,0.8930118220855215,0.9464990107667091,0.9464955430285902,0.9465162792976856,4.8028,6.0
/ocean/projects/bio230026p/lindseyl/TOKENIZATION_FINAL_PAPER/RESULTS_05.27.2025/RESULTS/DNABERT2/GB/gb_DNABERT2_3e-5_human_enhancers_cohn_seed8/results/DNABERT2_3e-5_human_enhancers_cohn_seed8,DNABERT2,3e-5,GB,human_enhancers_cohn,8,0.7401943145016193,0.484337497575013,0.7397008380685504,0.7433923609475817,0.7409512881217202,2.1682,6.0
/ocean/projects/bio230026p/lindseyl/TOKENIZATION_FINAL_PAPER/RESULTS_05.27.2025/RESULTS/DNABERT2/GB/gb_DNABERT2_3e-5_demo_human_or_worm_seed1/results/DNABERT2_3e-5_demo_human_or_worm_seed1,DNABERT2,3e-5,GB,demo_human_or_worm,1,0.9724,0.9448457643977647,0.9723985691418243,0.9723888663621132,0.9724569004850683,8.0577,6.0
/ocean/projects/bio230026p/lindseyl/TOKENIZATION_FINAL_PAPER/RESULTS_05.27.2025/RESULTS/DNABERT2/GB/gb_DNABERT2_3e-5_human_enhancers_cohn_seed10/results/DNABERT2_3e-5_human_enhancers_cohn_seed10,DNABERT2,3e-5,GB,human_enhancers_cohn,10,0.7535084562792371,0.5068747149147067,0.7533857054226085,0.7535310207247224,0.7533437287924862,2.1786,6.0
/ocean/projects/bio230026p/lindseyl/TOKENIZATION_FINAL_PAPER/RESULTS_05.27.2025/RESULTS/DNABERT2/GB/gb_DNABERT2_3e-5_dummy_mouse_enhancers_seed7/results/DNABERT2_3e-5_dummy_mouse_enhancers_seed7,DNABERT2,3e-5,GB,dummy_mouse_enhancers,7,0.71900826446281,0.4766993255820983,0.7180646929824561,0.7430994824611845,0.7336926478717523,0.7244,6.0
/ocean/projects/bio230026p/lindseyl/TOKENIZATION_FINAL_PAPER/RESULTS_05.27.2025/RESULTS/DNABERT2/GB/gb_DNABERT2_3e-5_human_enhancers_ensembl_seed5/results/DNABERT2_3e-5_human_enhancers_ensembl_seed5,DNABERT2,3e-5,GB,human_enhancers_ensembl,5,0.8995737535520537,0.7999913733704735,0.8995434344342111,0.9003075177504065,0.8996840985298524,30.4727,6.0
/ocean/projects/bio230026p/lindseyl/TOKENIZATION_FINAL_PAPER/RESULTS_05.27.2025/RESULTS/DNABERT2/GB/gb_DNABERT2_3e-5_demo_human_or_worm_seed7/results/DNABERT2_3e-5_demo_human_or_worm_seed7,DNABERT2,3e-5,GB,demo_human_or_worm,7,0.9728,0.9456632290831322,0.972798885842364,0.9727965102067436,0.9728667214828255,7.8022,6.0
/ocean/projects/bio230026p/lindseyl/TOKENIZATION_FINAL_PAPER/RESULTS_05.27.2025/RESULTS/DNABERT2/GB/gb_DNABERT2_3e-5_dummy_mouse_enhancers_seed2/results/DNABERT2_3e-5_dummy_mouse_enhancers_seed2,DNABERT2,3e-5,GB,dummy_mouse_enhancers,2,0.6859504132231405,0.40193504141783615,0.6854132457580733,0.703514739229025,0.6984521835268104,0.1286,6.0
/ocean/projects/bio230026p/lindseyl/TOKENIZATION_FINAL_PAPER/RESULTS_05.27.2025/RESULTS/DNABERT2/GB/gb_DNABERT2_3e-5_human_ocr_ensembl_seed9/results/DNABERT2_3e-5_human_ocr_ensembl_seed9,DNABERT2,3e-5,GB,human_ocr_ensembl,9,0.815403982604715,0.6347168873658464,0.8150355199563929,0.8188769404685716,0.8158471780018025,42.3651,6.0
/ocean/projects/bio230026p/lindseyl/TOKENIZATION_FINAL_PAPER/RESULTS_05.27.2025/RESULTS/DNABERT2/GB/gb_DNABERT2_3e-5_drosophilia_enhancers_seed3/results/DNABERT2_3e-5_drosophilia_enhancers_seed3,DNABERT2,3e-5,GB,drosophilia_enhancers,3,0.7539797395079595,0.5182176130363996,0.7537523058862989,0.7604447839741957,0.7577796820916087,0.6741,6.0
/ocean/projects/bio230026p/lindseyl/TOKENIZATION_FINAL_PAPER/RESULTS_05.27.2025/RESULTS/DNABERT2/GB/gb_DNABERT2_3e-5_human_enhancers_cohn_seed7/results/DNABERT2_3e-5_human_enhancers_cohn_seed7,DNABERT2,3e-5,GB,human_enhancers_cohn,7,0.7466714645555955,0.4934177814252228,0.746336403617957,0.7471100293752612,0.7463084032263914,2.1679,6.0
/ocean/projects/bio230026p/lindseyl/TOKENIZATION_FINAL_PAPER/RESULTS_05.27.2025/RESULTS/DNABERT2/GB/gb_DNABERT2_3e-5_human_nontata_promoters_seed4/results/DNABERT2_3e-5_human_nontata_promoters_seed4,DNABERT2,3e-5,GB,human_nontata_promoters,4,0.9083863825076114,0.8216554125945145,0.9082196365586541,0.9089523888911704,0.9127116232750035,1.9796,6.0
/ocean/projects/bio230026p/lindseyl/TOKENIZATION_FINAL_PAPER/RESULTS_05.27.2025/RESULTS/DNABERT2/GB/gb_DNABERT2_3e-5_human_enhancers_ensembl_seed1/results/DNABERT2_3e-5_human_enhancers_ensembl_seed1,DNABERT2,3e-5,GB,human_enhancers_ensembl,1,0.9011237406354947,0.8027691355907548,0.9011083765116423,0.9015598130675695,0.9012093990022163,30.2754,6.0
/ocean/projects/bio230026p/lindseyl/TOKENIZATION_FINAL_PAPER/RESULTS_05.27.2025/RESULTS/DNABERT2/GB/gb_DNABERT2_3e-5_drosophilia_enhancers_seed6/results/DNABERT2_3e-5_drosophilia_enhancers_seed6,DNABERT2,3e-5,GB,drosophilia_enhancers,6,0.7568740955137482,0.5233984696834456,0.7566901408450704,0.7628768098741989,0.7605269348388615,0.6708,6.0
/ocean/projects/bio230026p/lindseyl/TOKENIZATION_FINAL_PAPER/RESULTS_05.27.2025/RESULTS/DNABERT2/GB/gb_DNABERT2_3e-5_drosophilia_enhancers_seed8/results/DNABERT2_3e-5_drosophilia_enhancers_seed8,DNABERT2,3e-5,GB,drosophilia_enhancers,8,0.7380607814761215,0.4799140158473975,0.7380585871151908,0.7398864800416464,0.740027556541318,0.6475,6.0
/ocean/projects/bio230026p/lindseyl/TOKENIZATION_FINAL_PAPER/RESULTS_05.27.2025/RESULTS/DNABERT2/GB/gb_DNABERT2_3e-5_dummy_mouse_enhancers_seed6/results/DNABERT2_3e-5_dummy_mouse_enhancers_seed6,DNABERT2,3e-5,GB,dummy_mouse_enhancers,6,0.6694214876033058,0.35209761281192087,0.6693989071038251,0.6757575757575758,0.6763405196241017,0.1283,6.0
/ocean/projects/bio230026p/lindseyl/TOKENIZATION_FINAL_PAPER/RESULTS_05.27.2025/RESULTS/DNABERT2/GB/gb_DNABERT2_3e-5_human_enhancers_ensembl_seed3/results/DNABERT2_3e-5_human_enhancers_ensembl_seed3,DNABERT2,3e-5,GB,human_enhancers_ensembl,3,0.9051278739343839,0.8102687394271527,0.9051273891924227,0.9051292834120706,0.9051394560789394,30.5139,6.0
/ocean/projects/bio230026p/lindseyl/TOKENIZATION_FINAL_PAPER/RESULTS_05.27.2025/RESULTS/DNABERT2/GB/gb_DNABERT2_3e-5_human_enhancers_cohn_seed9/results/DNABERT2_3e-5_human_enhancers_cohn_seed9,DNABERT2,3e-5,GB,human_enhancers_cohn,9,0.7434328895286074,0.48671860526127436,0.7433430261665046,0.7434019259411273,0.743316686784125,2.1784,6.0
/ocean/projects/bio230026p/lindseyl/TOKENIZATION_FINAL_PAPER/RESULTS_05.27.2025/RESULTS/DNABERT2/GB/gb_DNABERT2_3e-5_human_ocr_ensembl_seed1/results/DNABERT2_3e-5_human_ocr_ensembl_seed1,DNABERT2,3e-5,GB,human_ocr_ensembl,1,0.8089379720759899,0.6178672197569406,0.8089299835738506,0.8089251511436624,0.8089420688448883,75.0206,6.0
/ocean/projects/bio230026p/lindseyl/TOKENIZATION_FINAL_PAPER/RESULTS_05.27.2025/RESULTS/DNABERT2/GB/gb_DNABERT2_3e-5_drosophilia_enhancers_seed2/results/DNABERT2_3e-5_drosophilia_enhancers_seed2,DNABERT2,3e-5,GB,drosophilia_enhancers,2,0.748191027496382,0.5029589945221837,0.7481483033095937,0.7519179860724704,0.7510417716839735,0.6675,6.0
/ocean/projects/bio230026p/lindseyl/TOKENIZATION_FINAL_PAPER/RESULTS_05.27.2025/RESULTS/DNABERT2/GB/gb_DNABERT2_3e-5_human_enhancers_ensembl_seed7/results/DNABERT2_3e-5_human_enhancers_ensembl_seed7,DNABERT2,3e-5,GB,human_enhancers_ensembl,7,0.9085507620769827,0.8171014329292638,0.9085458047563444,0.9085647042939109,0.9085367291142474,31.5901,6.0
/ocean/projects/bio230026p/lindseyl/TOKENIZATION_FINAL_PAPER/RESULTS_05.27.2025/RESULTS/DNABERT2/GB/gb_DNABERT2_3e-5_human_nontata_promoters_seed9/results/DNABERT2_3e-5_human_nontata_promoters_seed9,DNABERT2,3e-5,GB,human_nontata_promoters,9,0.9241627456407417,0.8571201394310808,0.9241080436295839,0.9269619565384226,0.9301641646099699,1.9307,6.0
/ocean/projects/bio230026p/lindseyl/TOKENIZATION_FINAL_PAPER/RESULTS_05.27.2025/RESULTS/DNABERT2/GB/gb_DNABERT2_3e-5_human_enhancers_ensembl_seed9/results/DNABERT2_3e-5_human_enhancers_ensembl_seed9,DNABERT2,3e-5,GB,human_enhancers_ensembl,9,0.9046112115732369,0.8092789924783541,0.904597885755972,0.9047043727953556,0.9045746300831023,29.377,6.0
/ocean/projects/bio230026p/lindseyl/TOKENIZATION_FINAL_PAPER/RESULTS_05.27.2025/RESULTS/DNABERT2/GB/gb_DNABERT2_3e-5_human_enhancers_cohn_seed5/results/DNABERT2_3e-5_human_enhancers_cohn_seed5,DNABERT2,3e-5,GB,human_enhancers_cohn,5,0.7459517812162648,0.49215337485791355,0.7459514851546687,0.7460698038476242,0.7460835712028513,2.2614,6.0
/ocean/projects/bio230026p/lindseyl/TOKENIZATION_FINAL_PAPER/RESULTS_05.27.2025/RESULTS/DNABERT2/GB/gb_DNABERT2_3e-5_dummy_mouse_enhancers_seed9/results/DNABERT2_3e-5_dummy_mouse_enhancers_seed9,DNABERT2,3e-5,GB,dummy_mouse_enhancers,9,0.7024793388429752,0.4101216456060805,0.7019704433497537,0.7039365773646802,0.7061912658927585,0.1211,6.0
/ocean/projects/bio230026p/lindseyl/TOKENIZATION_FINAL_PAPER/RESULTS_05.27.2025/RESULTS/DNABERT2/GB/gb_DNABERT2_3e-5_human_ocr_ensembl_seed6/results/DNABERT2_3e-5_human_ocr_ensembl_seed6,DNABERT2,3e-5,GB,human_ocr_ensembl,6,0.811284046692607,0.6243093753432474,0.8111509195030802,0.8127387398850279,0.8115717261992901,43.9352,6.0
/ocean/projects/bio230026p/lindseyl/TOKENIZATION_FINAL_PAPER/RESULTS_05.27.2025/RESULTS/DNABERT2/GB/gb_DNABERT2_3e-5_human_nontata_promoters_seed1/results/DNABERT2_3e-5_human_nontata_promoters_seed1,DNABERT2,3e-5,GB,human_nontata_promoters,1,0.9045114862994741,0.8201368284546863,0.9044815145942737,0.9089246896463488,0.9112153377003347,1.9565,6.0
/ocean/projects/bio230026p/lindseyl/TOKENIZATION_FINAL_PAPER/RESULTS_05.27.2025/RESULTS/DNABERT2/GB/gb_DNABERT2_3e-5_human_nontata_promoters_seed6/results/DNABERT2_3e-5_human_nontata_promoters_seed6,DNABERT2,3e-5,GB,human_nontata_promoters,6,0.9402158870744534,0.8845474091470731,0.9400785021929017,0.9402292119792538,0.9443276921078514,1.9336,6.0
/ocean/projects/bio230026p/lindseyl/TOKENIZATION_FINAL_PAPER/RESULTS_05.27.2025/RESULTS/DNABERT2/GB/gb_DNABERT2_3e-5_demo_human_or_worm_seed5/results/DNABERT2_3e-5_demo_human_or_worm_seed5,DNABERT2,3e-5,GB,demo_human_or_worm,5,0.9757,0.9513926657132016,0.9756963230967213,0.9756975032480995,0.9756951624679817,7.953,6.0
/ocean/projects/bio230026p/lindseyl/TOKENIZATION_FINAL_PAPER/RESULTS_05.27.2025/RESULTS/DNABERT2/GB/gb_DNABERT2_3e-5_human_enhancers_ensembl_seed10/results/DNABERT2_3e-5_human_enhancers_ensembl_seed10,DNABERT2,3e-5,GB,human_enhancers_ensembl,10,0.8966029449754586,0.7935056509181393,0.8965633360156754,0.896978660094258,0.8965271192974935,30.8787,6.0
/ocean/projects/bio230026p/lindseyl/TOKENIZATION_FINAL_PAPER/RESULTS_05.27.2025/RESULTS/DNABERT2/GB/gb_DNABERT2_3e-5_human_nontata_promoters_seed5/results/DNABERT2_3e-5_human_nontata_promoters_seed5,DNABERT2,3e-5,GB,human_nontata_promoters,5,0.9543315804040963,0.9099480334164911,0.9541291745282783,0.9531779491994525,0.956777202521232,1.9119,6.0
/ocean/projects/bio230026p/lindseyl/TOKENIZATION_FINAL_PAPER/RESULTS_05.27.2025/RESULTS/DNABERT2/GB/gb_DNABERT2_3e-5_demo_human_or_worm_seed2/results/DNABERT2_3e-5_demo_human_or_worm_seed2,DNABERT2,3e-5,GB,demo_human_or_worm,2,0.9743,0.9486191133754612,0.9742931699523246,0.9743729750572998,0.9742461467964891,8.2023,6.0
/ocean/projects/bio230026p/lindseyl/TOKENIZATION_FINAL_PAPER/RESULTS_05.27.2025/RESULTS/DNABERT2/GB/gb_DNABERT2_3e-5_demo_coding_vs_intergenomic_seed4/results/DNABERT2_3e-5_demo_coding_vs_intergenomic_seed4,DNABERT2,3e-5,GB,demo_coding_vs_intergenomic,4,0.9523,0.9047858888060105,0.9522995988396262,0.95241892431656,0.9523669659813331,4.868,6.0
/ocean/projects/bio230026p/lindseyl/TOKENIZATION_FINAL_PAPER/RESULTS_05.27.2025/RESULTS/DNABERT2/GB/gb_DNABERT2_3e-5_human_enhancers_cohn_seed6/results/DNABERT2_3e-5_human_enhancers_cohn_seed6,DNABERT2,3e-5,GB,human_enhancers_cohn,6,0.7437927311982727,0.48791172935334726,0.7433060896188475,0.7445852652144753,0.7433280837991432,2.2388,6.0
/ocean/projects/bio230026p/lindseyl/TOKENIZATION_FINAL_PAPER/RESULTS_05.27.2025/RESULTS/DNABERT2/GB/gb_DNABERT2_3e-5_human_enhancers_ensembl_seed2/results/DNABERT2_3e-5_human_enhancers_ensembl_seed2,DNABERT2,3e-5,GB,human_enhancers_ensembl,2,0.900477912684061,0.800972094663082,0.9004691844327581,0.90051850801691,0.9004535892770018,33.9506,6.0
/ocean/projects/bio230026p/lindseyl/TOKENIZATION_FINAL_PAPER/RESULTS_05.27.2025/RESULTS/DNABERT2/GB/gb_DNABERT2_3e-5_human_ocr_ensembl_seed7/results/DNABERT2_3e-5_human_ocr_ensembl_seed7,DNABERT2,3e-5,GB,human_ocr_ensembl,7,0.809967956054017,0.6199075576815039,0.809931810119973,0.8099983061925851,0.8099092578847119,43.4081,6.0
/ocean/projects/bio230026p/lindseyl/TOKENIZATION_FINAL_PAPER/RESULTS_05.27.2025/RESULTS/DNABERT2/GB/gb_DNABERT2_3e-5_dummy_mouse_enhancers_seed1/results/DNABERT2_3e-5_dummy_mouse_enhancers_seed1,DNABERT2,3e-5,GB,dummy_mouse_enhancers,1,0.71900826446281,0.43968855249264943,0.7180646929824561,0.7185792349726776,0.7211166390270868,0.9672,6.0
/ocean/projects/bio230026p/lindseyl/TOKENIZATION_FINAL_PAPER/RESULTS_05.27.2025/RESULTS/DNABERT2/GB/gb_DNABERT2_3e-5_human_nontata_promoters_seed2/results/DNABERT2_3e-5_human_nontata_promoters_seed2,DNABERT2,3e-5,GB,human_nontata_promoters,2,0.9482424577913091,0.898969615628305,0.9480703477689759,0.9474885753767643,0.951489945381556,1.9594,6.0
/ocean/projects/bio230026p/lindseyl/TOKENIZATION_FINAL_PAPER/RESULTS_05.27.2025/RESULTS/DNABERT2/GB/gb_DNABERT2_3e-5_human_nontata_promoters_seed8/results/DNABERT2_3e-5_human_nontata_promoters_seed8,DNABERT2,3e-5,GB,human_nontata_promoters,8,0.9103238306116801,0.8288558451318656,0.910250890121719,0.9128266254858105,0.9160354308547818,1.8918,6.0
/ocean/projects/bio230026p/lindseyl/TOKENIZATION_FINAL_PAPER/RESULTS_05.27.2025/RESULTS/DNABERT2/GB/gb_DNABERT2_3e-5_drosophilia_enhancers_seed4/results/DNABERT2_3e-5_drosophilia_enhancers_seed4,DNABERT2,3e-5,GB,drosophilia_enhancers,4,0.7452966714905933,0.4976941331945064,0.7452321099379924,0.7494008438818566,0.7482945189367207,0.6952,6.0
/ocean/projects/bio230026p/lindseyl/TOKENIZATION_FINAL_PAPER/RESULTS_05.27.2025/RESULTS/DNABERT2/GB/gb_DNABERT2_3e-5_demo_coding_vs_intergenomic_seed5/results/DNABERT2_3e-5_demo_coding_vs_intergenomic_seed5,DNABERT2,3e-5,GB,demo_coding_vs_intergenomic,5,0.9486,0.8972067971560382,0.9485948594859486,0.9486303185238305,0.9485764802475322,4.6666,6.0
/ocean/projects/bio230026p/lindseyl/TOKENIZATION_FINAL_PAPER/RESULTS_05.27.2025/RESULTS/DNABERT/GB/gb_DNABERT1_6_3e-5_human_enhancers_cohn_seed9/results/DNABERT1_6_3e-5_human_enhancers_cohn_seed9,DNABERT,3e-5,GB,human_enhancers_cohn,9,0.5070169125584743,0.0,0.33643744030563516,0.2535084562792371,0.5,0.8336,6.0
/ocean/projects/bio230026p/lindseyl/TOKENIZATION_FINAL_PAPER/RESULTS_05.27.2025/RESULTS/DNABERT/GB/gb_DNABERT1_6_3e-5_demo_coding_vs_intergenomic_seed9/results/DNABERT1_6_3e-5_demo_coding_vs_intergenomic_seed9,DNABERT,3e-5,GB,demo_coding_vs_intergenomic,9,0.4965,0.0,0.3317741396592048,0.24825,0.5,3.0849,6.0
/ocean/projects/bio230026p/lindseyl/TOKENIZATION_FINAL_PAPER/RESULTS_05.27.2025/RESULTS/DNABERT/GB/gb_DNABERT1_6_3e-5_dummy_mouse_enhancers_seed2/results/DNABERT1_6_3e-5_dummy_mouse_enhancers_seed2,DNABERT,3e-5,GB,dummy_mouse_enhancers,2,0.4462809917355372,0.0,0.30857142857142855,0.2231404958677686,0.5,0.0454,6.0
/ocean/projects/bio230026p/lindseyl/TOKENIZATION_FINAL_PAPER/RESULTS_05.27.2025/RESULTS/DNABERT/GB/gb_DNABERT1_6_3e-5_demo_human_or_worm_seed6/results/DNABERT1_6_3e-5_demo_human_or_worm_seed6,DNABERT,3e-5,GB,demo_human_or_worm,6,0.5061,0.0,0.33603346391341876,0.25305,0.5,3.0909,6.0
/ocean/projects/bio230026p/lindseyl/TOKENIZATION_FINAL_PAPER/RESULTS_05.27.2025/RESULTS/DNABERT/GB/gb_DNABERT1_6_3e-5_human_enhancers_ensembl_seed1/results/DNABERT1_6_3e-5_human_enhancers_ensembl_seed1,DNABERT,3e-5,GB,human_enhancers_ensembl,1,0.4974812709894084,0.0,0.3322120153534308,0.2487406354947042,0.5,4.5215,6.0
/ocean/projects/bio230026p/lindseyl/TOKENIZATION_FINAL_PAPER/RESULTS_05.27.2025/RESULTS/DNABERT/GB/gb_DNABERT1_6_3e-5_drosophilia_enhancers_seed4/results/DNABERT1_6_3e-5_drosophilia_enhancers_seed4,DNABERT,3e-5,GB,drosophilia_enhancers,4,0.5267727930535456,0.0,0.34502369668246446,0.2633863965267728,0.5,0.2173,6.0
/ocean/projects/bio230026p/lindseyl/TOKENIZATION_FINAL_PAPER/RESULTS_05.27.2025/RESULTS/DNABERT/GB/gb_DNABERT1_6_3e-5_human_ocr_ensembl_seed10/results/DNABERT1_6_3e-5_human_ocr_ensembl_seed10,DNABERT,3e-5,GB,human_ocr_ensembl,10,0.5042915999084459,0.0,0.33523526950435545,0.2521457999542229,0.5,5.1219,6.0
/ocean/projects/bio230026p/lindseyl/TOKENIZATION_FINAL_PAPER/RESULTS_05.27.2025/RESULTS/DNABERT/GB/gb_DNABERT1_6_3e-5_demo_human_or_worm_seed2/results/DNABERT1_6_3e-5_demo_human_or_worm_seed2,DNABERT,3e-5,GB,demo_human_or_worm,2,0.5061,0.0,0.33603346391341876,0.25305,0.5,2.9832,6.0
/ocean/projects/bio230026p/lindseyl/TOKENIZATION_FINAL_PAPER/RESULTS_05.27.2025/RESULTS/DNABERT/GB/gb_DNABERT1_6_3e-5_demo_human_or_worm_seed1/results/DNABERT1_6_3e-5_demo_human_or_worm_seed1,DNABERT,3e-5,GB,demo_human_or_worm,1,0.5061,0.0,0.33603346391341876,0.25305,0.5,3.0582,6.0
/ocean/projects/bio230026p/lindseyl/TOKENIZATION_FINAL_PAPER/RESULTS_05.27.2025/RESULTS/DNABERT/GB/gb_DNABERT1_6_3e-5_human_enhancers_ensembl_seed8/results/DNABERT1_6_3e-5_human_enhancers_ensembl_seed8,DNABERT,3e-5,GB,human_enhancers_ensembl,8,0.4974812709894084,0.0,0.3322120153534308,0.2487406354947042,0.5,4.41,6.0
/ocean/projects/bio230026p/lindseyl/TOKENIZATION_FINAL_PAPER/RESULTS_05.27.2025/RESULTS/DNABERT/GB/gb_DNABERT1_6_3e-5_demo_coding_vs_intergenomic_seed8/results/DNABERT1_6_3e-5_demo_coding_vs_intergenomic_seed8,DNABERT,3e-5,GB,demo_coding_vs_intergenomic,8,0.4965,0.0,0.3317741396592048,0.24825,0.5,3.0024,6.0
/ocean/projects/bio230026p/lindseyl/TOKENIZATION_FINAL_PAPER/RESULTS_05.27.2025/RESULTS/DNABERT/GB/gb_DNABERT1_6_3e-5_drosophilia_enhancers_seed7/results/DNABERT1_6_3e-5_drosophilia_enhancers_seed7,DNABERT,3e-5,GB,drosophilia_enhancers,7,0.5267727930535456,0.0,0.34502369668246446,0.2633863965267728,0.5,0.2147,6.0
/ocean/projects/bio230026p/lindseyl/TOKENIZATION_FINAL_PAPER/RESULTS_05.27.2025/RESULTS/DNABERT/GB/gb_DNABERT1_6_3e-5_human_nontata_promoters_seed5/results/DNABERT1_6_3e-5_human_nontata_promoters_seed5,DNABERT,3e-5,GB,human_nontata_promoters,5,0.5480210351508442,0.0,0.3540139460039335,0.2740105175754221,0.5,1.0498,6.0
/ocean/projects/bio230026p/lindseyl/TOKENIZATION_FINAL_PAPER/RESULTS_05.27.2025/RESULTS/DNABERT/GB/gb_DNABERT1_6_3e-5_demo_coding_vs_intergenomic_seed2/results/DNABERT1_6_3e-5_demo_coding_vs_intergenomic_seed2,DNABERT,3e-5,GB,demo_coding_vs_intergenomic,2,0.4965,0.0,0.3317741396592048,0.24825,0.5,3.0285,6.0
/ocean/projects/bio230026p/lindseyl/TOKENIZATION_FINAL_PAPER/RESULTS_05.27.2025/RESULTS/DNABERT/GB/gb_DNABERT1_6_3e-5_human_enhancers_ensembl_seed5/results/DNABERT1_6_3e-5_human_enhancers_ensembl_seed5,DNABERT,3e-5,GB,human_enhancers_ensembl,5,0.4974812709894084,0.0,0.3322120153534308,0.2487406354947042,0.5,4.6152,6.0
/ocean/projects/bio230026p/lindseyl/TOKENIZATION_FINAL_PAPER/RESULTS_05.27.2025/RESULTS/DNABERT/GB/gb_DNABERT1_6_3e-5_demo_coding_vs_intergenomic_seed6/results/DNABERT1_6_3e-5_demo_coding_vs_intergenomic_seed6,DNABERT,3e-5,GB,demo_coding_vs_intergenomic,6,0.4965,0.0,0.3317741396592048,0.24825,0.5,3.107,6.0
/ocean/projects/bio230026p/lindseyl/TOKENIZATION_FINAL_PAPER/RESULTS_05.27.2025/RESULTS/DNABERT/GB/gb_DNABERT1_6_3e-5_drosophilia_enhancers_seed1/results/DNABERT1_6_3e-5_drosophilia_enhancers_seed1,DNABERT,3e-5,GB,drosophilia_enhancers,1,0.5267727930535456,0.0,0.34502369668246446,0.2633863965267728,0.5,0.2167,6.0
/ocean/projects/bio230026p/lindseyl/TOKENIZATION_FINAL_PAPER/RESULTS_05.27.2025/RESULTS/DNABERT/GB/gb_DNABERT1_6_3e-5_demo_human_or_worm_seed7/results/DNABERT1_6_3e-5_demo_human_or_worm_seed7,DNABERT,3e-5,GB,demo_human_or_worm,7,0.5061,0.0,0.33603346391341876,0.25305,0.5,3.0034,6.0
/ocean/projects/bio230026p/lindseyl/TOKENIZATION_FINAL_PAPER/RESULTS_05.27.2025/RESULTS/DNABERT/GB/gb_DNABERT1_6_3e-5_drosophilia_enhancers_seed3/results/DNABERT1_6_3e-5_drosophilia_enhancers_seed3,DNABERT,3e-5,GB,drosophilia_enhancers,3,0.5267727930535456,0.0,0.34502369668246446,0.2633863965267728,0.5,0.2157,6.0
/ocean/projects/bio230026p/lindseyl/TOKENIZATION_FINAL_PAPER/RESULTS_05.27.2025/RESULTS/DNABERT/GB/gb_DNABERT1_6_3e-5_human_nontata_promoters_seed8/results/DNABERT1_6_3e-5_human_nontata_promoters_seed8,DNABERT,3e-5,GB,human_nontata_promoters,8,0.5480210351508442,0.0,0.3540139460039335,0.2740105175754221,0.5,1.0798,6.0
/ocean/projects/bio230026p/lindseyl/TOKENIZATION_FINAL_PAPER/RESULTS_05.27.2025/RESULTS/DNABERT/GB/gb_DNABERT1_6_3e-5_human_enhancers_ensembl_seed2/results/DNABERT1_6_3e-5_human_enhancers_ensembl_seed2,DNABERT,3e-5,GB,human_enhancers_ensembl,2,0.4974812709894084,0.0,0.3322120153534308,0.2487406354947042,0.5,5.2132,6.0
/ocean/projects/bio230026p/lindseyl/TOKENIZATION_FINAL_PAPER/RESULTS_05.27.2025/RESULTS/DNABERT/GB/gb_DNABERT1_6_3e-5_drosophilia_enhancers_seed8/results/DNABERT1_6_3e-5_drosophilia_enhancers_seed8,DNABERT,3e-5,GB,drosophilia_enhancers,8,0.5267727930535456,0.0,0.34502369668246446,0.2633863965267728,0.5,0.2144,6.0
/ocean/projects/bio230026p/lindseyl/TOKENIZATION_FINAL_PAPER/RESULTS_05.27.2025/RESULTS/DNABERT/GB/gb_DNABERT1_6_3e-5_human_enhancers_cohn_seed7/results/DNABERT1_6_3e-5_human_enhancers_cohn_seed7,DNABERT,3e-5,GB,human_enhancers_cohn,7,0.5070169125584743,0.0,0.33643744030563516,0.2535084562792371,0.5,0.8634,6.0
/ocean/projects/bio230026p/lindseyl/TOKENIZATION_FINAL_PAPER/RESULTS_05.27.2025/RESULTS/DNABERT/GB/gb_DNABERT1_6_3e-5_dummy_mouse_enhancers_seed9/results/DNABERT1_6_3e-5_dummy_mouse_enhancers_seed9,DNABERT,3e-5,GB,dummy_mouse_enhancers,9,0.4462809917355372,0.0,0.30857142857142855,0.2231404958677686,0.5,0.0453,6.0
/ocean/projects/bio230026p/lindseyl/TOKENIZATION_FINAL_PAPER/RESULTS_05.27.2025/RESULTS/DNABERT/GB/gb_DNABERT1_6_3e-5_demo_human_or_worm_seed10/results/DNABERT1_6_3e-5_demo_human_or_worm_seed10,DNABERT,3e-5,GB,demo_human_or_worm,10,0.5061,0.0,0.33603346391341876,0.25305,0.5,2.9394,6.0
/ocean/projects/bio230026p/lindseyl/TOKENIZATION_FINAL_PAPER/RESULTS_05.27.2025/RESULTS/DNABERT/GB/gb_DNABERT1_6_3e-5_demo_human_or_worm_seed9/results/DNABERT1_6_3e-5_demo_human_or_worm_seed9,DNABERT,3e-5,GB,demo_human_or_worm,9,0.4939,0.0,0.3306111520182074,0.24695,0.5,3.0246,6.0
/ocean/projects/bio230026p/lindseyl/TOKENIZATION_FINAL_PAPER/RESULTS_05.27.2025/RESULTS/DNABERT/GB/gb_DNABERT1_6_3e-5_human_enhancers_ensembl_seed9/results/DNABERT1_6_3e-5_human_enhancers_ensembl_seed9,DNABERT,3e-5,GB,human_enhancers_ensembl,9,0.4974812709894084,0.0,0.3322120153534308,0.2487406354947042,0.5,4.7452,6.0
/ocean/projects/bio230026p/lindseyl/TOKENIZATION_FINAL_PAPER/RESULTS_05.27.2025/RESULTS/DNABERT/GB/gb_DNABERT1_6_3e-5_human_enhancers_ensembl_seed10/results/DNABERT1_6_3e-5_human_enhancers_ensembl_seed10,DNABERT,3e-5,GB,human_enhancers_ensembl,10,0.4974812709894084,0.0,0.3322120153534308,0.2487406354947042,0.5,4.6064,6.0
/ocean/projects/bio230026p/lindseyl/TOKENIZATION_FINAL_PAPER/RESULTS_05.27.2025/RESULTS/DNABERT/GB/gb_DNABERT1_6_3e-5_demo_human_or_worm_seed4/results/DNABERT1_6_3e-5_demo_human_or_worm_seed4,DNABERT,3e-5,GB,demo_human_or_worm,4,0.5061,0.0,0.33603346391341876,0.25305,0.5,3.0016,6.0
/ocean/projects/bio230026p/lindseyl/TOKENIZATION_FINAL_PAPER/RESULTS_05.27.2025/RESULTS/DNABERT/GB/gb_DNABERT1_6_3e-5_drosophilia_enhancers_seed5/results/DNABERT1_6_3e-5_drosophilia_enhancers_seed5,DNABERT,3e-5,GB,drosophilia_enhancers,5,0.5267727930535456,0.0,0.34502369668246446,0.2633863965267728,0.5,0.2207,6.0
/ocean/projects/bio230026p/lindseyl/TOKENIZATION_FINAL_PAPER/RESULTS_05.27.2025/RESULTS/DNABERT/GB/gb_DNABERT1_6_3e-5_human_ocr_ensembl_seed3/results/DNABERT1_6_3e-5_human_ocr_ensembl_seed3,DNABERT,3e-5,GB,human_ocr_ensembl,3,0.5042915999084459,0.0,0.33523526950435545,0.2521457999542229,0.5,5.2636,6.0
/ocean/projects/bio230026p/lindseyl/TOKENIZATION_FINAL_PAPER/RESULTS_05.27.2025/RESULTS/DNABERT/GB/gb_DNABERT1_6_3e-5_dummy_mouse_enhancers_seed1/results/DNABERT1_6_3e-5_dummy_mouse_enhancers_seed1,DNABERT,3e-5,GB,dummy_mouse_enhancers,1,0.4462809917355372,0.0,0.30857142857142855,0.2231404958677686,0.5,1.0306,6.0
/ocean/projects/bio230026p/lindseyl/TOKENIZATION_FINAL_PAPER/RESULTS_05.27.2025/RESULTS/DNABERT/GB/gb_DNABERT1_6_3e-5_human_ocr_ensembl_seed5/results/DNABERT1_6_3e-5_human_ocr_ensembl_seed5,DNABERT,3e-5,GB,human_ocr_ensembl,5,0.5042915999084459,0.0,0.33523526950435545,0.2521457999542229,0.5,5.0624,6.0
/ocean/projects/bio230026p/lindseyl/TOKENIZATION_FINAL_PAPER/RESULTS_05.27.2025/RESULTS/DNABERT/GB/gb_DNABERT1_6_3e-5_demo_coding_vs_intergenomic_seed5/results/DNABERT1_6_3e-5_demo_coding_vs_intergenomic_seed5,DNABERT,3e-5,GB,demo_coding_vs_intergenomic,5,0.4965,0.0,0.3317741396592048,0.24825,0.5,3.0767,6.0
/ocean/projects/bio230026p/lindseyl/TOKENIZATION_FINAL_PAPER/RESULTS_05.27.2025/RESULTS/DNABERT/GB/gb_DNABERT1_6_3e-5_human_ocr_ensembl_seed2/results/DNABERT1_6_3e-5_human_ocr_ensembl_seed2,DNABERT,3e-5,GB,human_ocr_ensembl,2,0.5042915999084459,0.0,0.33523526950435545,0.2521457999542229,0.5,5.2626,6.0
/ocean/projects/bio230026p/lindseyl/TOKENIZATION_FINAL_PAPER/RESULTS_05.27.2025/RESULTS/DNABERT/GB/gb_DNABERT1_6_3e-5_human_enhancers_cohn_seed3/results/DNABERT1_6_3e-5_human_enhancers_cohn_seed3,DNABERT,3e-5,GB,human_enhancers_cohn,3,0.49298308744152575,0.0,0.3302000482043866,0.24649154372076287,0.5,0.8396,6.0
/ocean/projects/bio230026p/lindseyl/TOKENIZATION_FINAL_PAPER/RESULTS_05.27.2025/RESULTS/DNABERT/GB/gb_DNABERT1_6_3e-5_human_enhancers_cohn_seed4/results/DNABERT1_6_3e-5_human_enhancers_cohn_seed4,DNABERT,3e-5,GB,human_enhancers_cohn,4,0.49298308744152575,0.0,0.3302000482043866,0.24649154372076287,0.5,0.8484,6.0
/ocean/projects/bio230026p/lindseyl/TOKENIZATION_FINAL_PAPER/RESULTS_05.27.2025/RESULTS/DNABERT/GB/gb_DNABERT1_6_3e-5_human_enhancers_cohn_seed8/results/DNABERT1_6_3e-5_human_enhancers_cohn_seed8,DNABERT,3e-5,GB,human_enhancers_cohn,8,0.5070169125584743,0.0,0.33643744030563516,0.2535084562792371,0.5,0.8044,6.0
/ocean/projects/bio230026p/lindseyl/TOKENIZATION_FINAL_PAPER/RESULTS_05.27.2025/RESULTS/DNABERT/GB/gb_DNABERT1_6_3e-5_human_nontata_promoters_seed10/results/DNABERT1_6_3e-5_human_nontata_promoters_seed10,DNABERT,3e-5,GB,human_nontata_promoters,10,0.5480210351508442,0.0,0.3540139460039335,0.2740105175754221,0.5,1.1018,6.0
/ocean/projects/bio230026p/lindseyl/TOKENIZATION_FINAL_PAPER/RESULTS_05.27.2025/RESULTS/DNABERT/GB/gb_DNABERT1_6_3e-5_human_enhancers_cohn_seed6/results/DNABERT1_6_3e-5_human_enhancers_cohn_seed6,DNABERT,3e-5,GB,human_enhancers_cohn,6,0.49298308744152575,0.0,0.3302000482043866,0.24649154372076287,0.5,0.9007,6.0
/ocean/projects/bio230026p/lindseyl/TOKENIZATION_FINAL_PAPER/RESULTS_05.27.2025/RESULTS/DNABERT/GB/gb_DNABERT1_6_3e-5_human_enhancers_cohn_seed2/results/DNABERT1_6_3e-5_human_enhancers_cohn_seed2,DNABERT,3e-5,GB,human_enhancers_cohn,2,0.5070169125584743,0.0,0.33643744030563516,0.2535084562792371,0.5,0.8402,6.0
/ocean/projects/bio230026p/lindseyl/TOKENIZATION_FINAL_PAPER/RESULTS_05.27.2025/RESULTS/DNABERT/GB/gb_DNABERT1_6_3e-5_drosophilia_enhancers_seed2/results/DNABERT1_6_3e-5_drosophilia_enhancers_seed2,DNABERT,3e-5,GB,drosophilia_enhancers,2,0.5267727930535456,0.0,0.34502369668246446,0.2633863965267728,0.5,0.2133,6.0
/ocean/projects/bio230026p/lindseyl/TOKENIZATION_FINAL_PAPER/RESULTS_05.27.2025/RESULTS/DNABERT/GB/gb_DNABERT1_6_3e-5_human_nontata_promoters_seed4/results/DNABERT1_6_3e-5_human_nontata_promoters_seed4,DNABERT,3e-5,GB,human_nontata_promoters,4,0.5480210351508442,0.0,0.3540139460039335,0.2740105175754221,0.5,1.0951,6.0
/ocean/projects/bio230026p/lindseyl/TOKENIZATION_FINAL_PAPER/RESULTS_05.27.2025/RESULTS/DNABERT/GB/gb_DNABERT1_6_3e-5_demo_coding_vs_intergenomic_seed10/results/DNABERT1_6_3e-5_demo_coding_vs_intergenomic_seed10,DNABERT,3e-5,GB,demo_coding_vs_intergenomic,10,0.4965,0.0,0.3317741396592048,0.24825,0.5,2.9726,6.0
/ocean/projects/bio230026p/lindseyl/TOKENIZATION_FINAL_PAPER/RESULTS_05.27.2025/RESULTS/DNABERT/GB/gb_DNABERT1_6_3e-5_human_enhancers_ensembl_seed4/results/DNABERT1_6_3e-5_human_enhancers_ensembl_seed4,DNABERT,3e-5,GB,human_enhancers_ensembl,4,0.4974812709894084,0.0,0.3322120153534308,0.2487406354947042,0.5,4.913,6.0
/ocean/projects/bio230026p/lindseyl/TOKENIZATION_FINAL_PAPER/RESULTS_05.27.2025/RESULTS/DNABERT/GB/gb_DNABERT1_6_3e-5_human_nontata_promoters_seed1/results/DNABERT1_6_3e-5_human_nontata_promoters_seed1,DNABERT,3e-5,GB,human_nontata_promoters,1,0.5480210351508442,0.0,0.3540139460039335,0.2740105175754221,0.5,1.078,6.0
/ocean/projects/bio230026p/lindseyl/TOKENIZATION_FINAL_PAPER/RESULTS_05.27.2025/RESULTS/DNABERT/GB/gb_DNABERT1_6_3e-5_human_ocr_ensembl_seed1/results/DNABERT1_6_3e-5_human_ocr_ensembl_seed1,DNABERT,3e-5,GB,human_ocr_ensembl,1,0.5042915999084459,0.0,0.33523526950435545,0.2521457999542229,0.5,5.0628,6.0
/ocean/projects/bio230026p/lindseyl/TOKENIZATION_FINAL_PAPER/RESULTS_05.27.2025/RESULTS/DNABERT/GB/gb_DNABERT1_6_3e-5_dummy_mouse_enhancers_seed8/results/DNABERT1_6_3e-5_dummy_mouse_enhancers_seed8,DNABERT,3e-5,GB,dummy_mouse_enhancers,8,0.4462809917355372,0.0,0.30857142857142855,0.2231404958677686,0.5,0.0459,6.0
/ocean/projects/bio230026p/lindseyl/TOKENIZATION_FINAL_PAPER/RESULTS_05.27.2025/RESULTS/DNABERT/GB/gb_DNABERT1_6_3e-5_human_enhancers_ensembl_seed6/results/DNABERT1_6_3e-5_human_enhancers_ensembl_seed6,DNABERT,3e-5,GB,human_enhancers_ensembl,6,0.4974812709894084,0.0,0.3322120153534308,0.2487406354947042,0.5,4.7383,6.0
/ocean/projects/bio230026p/lindseyl/TOKENIZATION_FINAL_PAPER/RESULTS_05.27.2025/RESULTS/DNABERT/GB/gb_DNABERT1_6_3e-5_human_nontata_promoters_seed6/results/DNABERT1_6_3e-5_human_nontata_promoters_seed6,DNABERT,3e-5,GB,human_nontata_promoters,6,0.5480210351508442,0.0,0.3540139460039335,0.2740105175754221,0.5,1.1062,6.0
/ocean/projects/bio230026p/lindseyl/TOKENIZATION_FINAL_PAPER/RESULTS_05.27.2025/RESULTS/DNABERT/GB/gb_DNABERT1_6_3e-5_human_nontata_promoters_seed3/results/DNABERT1_6_3e-5_human_nontata_promoters_seed3,DNABERT,3e-5,GB,human_nontata_promoters,3,0.5480210351508442,0.0,0.3540139460039335,0.2740105175754221,0.5,1.091,6.0
/ocean/projects/bio230026p/lindseyl/TOKENIZATION_FINAL_PAPER/RESULTS_05.27.2025/RESULTS/DNABERT/GB/gb_DNABERT1_6_3e-5_human_enhancers_cohn_seed10/results/DNABERT1_6_3e-5_human_enhancers_cohn_seed10,DNABERT,3e-5,GB,human_enhancers_cohn,10,0.49298308744152575,0.0,0.3302000482043866,0.24649154372076287,0.5,0.8266,6.0
/ocean/projects/bio230026p/lindseyl/TOKENIZATION_FINAL_PAPER/RESULTS_05.27.2025/RESULTS/DNABERT/GB/gb_DNABERT1_6_3e-5_dummy_mouse_enhancers_seed6/results/DNABERT1_6_3e-5_dummy_mouse_enhancers_seed6,DNABERT,3e-5,GB,dummy_mouse_enhancers,6,0.4462809917355372,0.0,0.30857142857142855,0.2231404958677686,0.5,0.048,6.0
/ocean/projects/bio230026p/lindseyl/TOKENIZATION_FINAL_PAPER/RESULTS_05.27.2025/RESULTS/DNABERT/GB/gb_DNABERT1_6_3e-5_demo_coding_vs_intergenomic_seed1/results/DNABERT1_6_3e-5_demo_coding_vs_intergenomic_seed1,DNABERT,3e-5,GB,demo_coding_vs_intergenomic,1,0.4965,0.0,0.3317741396592048,0.24825,0.5,2.9781,6.0
/ocean/projects/bio230026p/lindseyl/TOKENIZATION_FINAL_PAPER/RESULTS_05.27.2025/RESULTS/DNABERT/GB/gb_DNABERT1_6_3e-5_human_ocr_ensembl_seed4/results/DNABERT1_6_3e-5_human_ocr_ensembl_seed4,DNABERT,3e-5,GB,human_ocr_ensembl,4,0.5042915999084459,0.0,0.33523526950435545,0.2521457999542229,0.5,5.2168,6.0
/ocean/projects/bio230026p/lindseyl/TOKENIZATION_FINAL_PAPER/RESULTS_05.27.2025/RESULTS/DNABERT/GB/gb_DNABERT1_6_3e-5_demo_human_or_worm_seed8/results/DNABERT1_6_3e-5_demo_human_or_worm_seed8,DNABERT,3e-5,GB,demo_human_or_worm,8,0.5061,0.0,0.33603346391341876,0.25305,0.5,2.9376,6.0
/ocean/projects/bio230026p/lindseyl/TOKENIZATION_FINAL_PAPER/RESULTS_05.27.2025/RESULTS/DNABERT/GB/gb_DNABERT1_6_3e-5_demo_human_or_worm_seed3/results/DNABERT1_6_3e-5_demo_human_or_worm_seed3,DNABERT,3e-5,GB,demo_human_or_worm,3,0.5061,0.0,0.33603346391341876,0.25305,0.5,2.9978,6.0
/ocean/projects/bio230026p/lindseyl/TOKENIZATION_FINAL_PAPER/RESULTS_05.27.2025/RESULTS/DNABERT/GB/gb_DNABERT1_6_3e-5_human_ocr_ensembl_seed9/results/DNABERT1_6_3e-5_human_ocr_ensembl_seed9,DNABERT,3e-5,GB,human_ocr_ensembl,9,0.5042915999084459,0.0,0.33523526950435545,0.2521457999542229,0.5,5.1999,6.0
/ocean/projects/bio230026p/lindseyl/TOKENIZATION_FINAL_PAPER/RESULTS_05.27.2025/RESULTS/DNABERT/GB/gb_DNABERT1_6_3e-5_demo_coding_vs_intergenomic_seed7/results/DNABERT1_6_3e-5_demo_coding_vs_intergenomic_seed7,DNABERT,3e-5,GB,demo_coding_vs_intergenomic,7,0.4965,0.0,0.3317741396592048,0.24825,0.5,2.9312,6.0
/ocean/projects/bio230026p/lindseyl/TOKENIZATION_FINAL_PAPER/RESULTS_05.27.2025/RESULTS/DNABERT/GB/gb_DNABERT1_6_3e-5_drosophilia_enhancers_seed10/results/DNABERT1_6_3e-5_drosophilia_enhancers_seed10,DNABERT,3e-5,GB,drosophilia_enhancers,10,0.5267727930535456,0.0,0.34502369668246446,0.2633863965267728,0.5,0.2156,6.0
/ocean/projects/bio230026p/lindseyl/TOKENIZATION_FINAL_PAPER/RESULTS_05.27.2025/RESULTS/DNABERT/GB/gb_DNABERT1_6_3e-5_human_nontata_promoters_seed7/results/DNABERT1_6_3e-5_human_nontata_promoters_seed7,DNABERT,3e-5,GB,human_nontata_promoters,7,0.5480210351508442,0.0,0.3540139460039335,0.2740105175754221,0.5,1.1429,6.0
/ocean/projects/bio230026p/lindseyl/TOKENIZATION_FINAL_PAPER/RESULTS_05.27.2025/RESULTS/DNABERT/GB/gb_DNABERT1_6_3e-5_dummy_mouse_enhancers_seed7/results/DNABERT1_6_3e-5_dummy_mouse_enhancers_seed7,DNABERT,3e-5,GB,dummy_mouse_enhancers,7,0.4462809917355372,0.0,0.30857142857142855,0.2231404958677686,0.5,0.0472,6.0
/ocean/projects/bio230026p/lindseyl/TOKENIZATION_FINAL_PAPER/RESULTS_05.27.2025/RESULTS/DNABERT/GB/gb_DNABERT1_6_3e-5_human_ocr_ensembl_seed7/results/DNABERT1_6_3e-5_human_ocr_ensembl_seed7,DNABERT,3e-5,GB,human_ocr_ensembl,7,0.5042915999084459,0.0,0.33523526950435545,0.2521457999542229,0.5,5.289,6.0
/ocean/projects/bio230026p/lindseyl/TOKENIZATION_FINAL_PAPER/RESULTS_05.27.2025/RESULTS/DNABERT/GB/gb_DNABERT1_6_3e-5_human_ocr_ensembl_seed8/results/DNABERT1_6_3e-5_human_ocr_ensembl_seed8,DNABERT,3e-5,GB,human_ocr_ensembl,8,0.5042915999084459,0.0,0.33523526950435545,0.2521457999542229,0.5,5.1667,6.0
/ocean/projects/bio230026p/lindseyl/TOKENIZATION_FINAL_PAPER/RESULTS_05.27.2025/RESULTS/DNABERT/GB/gb_DNABERT1_6_3e-5_human_enhancers_cohn_seed1/results/DNABERT1_6_3e-5_human_enhancers_cohn_seed1,DNABERT,3e-5,GB,human_enhancers_cohn,1,0.49298308744152575,0.0,0.3302000482043866,0.24649154372076287,0.5,0.8308,6.0
/ocean/projects/bio230026p/lindseyl/TOKENIZATION_FINAL_PAPER/RESULTS_05.27.2025/RESULTS/DNABERT/GB/gb_DNABERT1_6_3e-5_dummy_mouse_enhancers_seed4/results/DNABERT1_6_3e-5_dummy_mouse_enhancers_seed4,DNABERT,3e-5,GB,dummy_mouse_enhancers,4,0.5537190082644629,0.0,0.35638297872340424,0.2768595041322314,0.5,0.0451,6.0
/ocean/projects/bio230026p/lindseyl/TOKENIZATION_FINAL_PAPER/RESULTS_05.27.2025/RESULTS/DNABERT/GB/gb_DNABERT1_6_3e-5_human_nontata_promoters_seed9/results/DNABERT1_6_3e-5_human_nontata_promoters_seed9,DNABERT,3e-5,GB,human_nontata_promoters,9,0.5480210351508442,0.0,0.3540139460039335,0.2740105175754221,0.5,1.0847,6.0
/ocean/projects/bio230026p/lindseyl/TOKENIZATION_FINAL_PAPER/RESULTS_05.27.2025/RESULTS/DNABERT/GB/gb_DNABERT1_6_3e-5_human_enhancers_ensembl_seed3/results/DNABERT1_6_3e-5_human_enhancers_ensembl_seed3,DNABERT,3e-5,GB,human_enhancers_ensembl,3,0.4974812709894084,0.0,0.3322120153534308,0.2487406354947042,0.5,4.4532,6.0
/ocean/projects/bio230026p/lindseyl/TOKENIZATION_FINAL_PAPER/RESULTS_05.27.2025/RESULTS/DNABERT/GB/gb_DNABERT1_6_3e-5_dummy_mouse_enhancers_seed3/results/DNABERT1_6_3e-5_dummy_mouse_enhancers_seed3,DNABERT,3e-5,GB,dummy_mouse_enhancers,3,0.4462809917355372,0.0,0.30857142857142855,0.2231404958677686,0.5,0.0461,6.0
/ocean/projects/bio230026p/lindseyl/TOKENIZATION_FINAL_PAPER/RESULTS_05.27.2025/RESULTS/DNABERT/GB/gb_DNABERT1_6_3e-5_demo_human_or_worm_seed5/results/DNABERT1_6_3e-5_demo_human_or_worm_seed5,DNABERT,3e-5,GB,demo_human_or_worm,5,0.5061,0.0,0.33603346391341876,0.25305,0.5,2.9769,6.0
/ocean/projects/bio230026p/lindseyl/TOKENIZATION_FINAL_PAPER/RESULTS_05.27.2025/RESULTS/DNABERT/GB/gb_DNABERT1_6_3e-5_dummy_mouse_enhancers_seed10/results/DNABERT1_6_3e-5_dummy_mouse_enhancers_seed10,DNABERT,3e-5,GB,dummy_mouse_enhancers,10,0.4462809917355372,0.0,0.30857142857142855,0.2231404958677686,0.5,0.046,6.0
/ocean/projects/bio230026p/lindseyl/TOKENIZATION_FINAL_PAPER/RESULTS_05.27.2025/RESULTS/DNABERT/GB/gb_DNABERT1_6_3e-5_demo_coding_vs_intergenomic_seed4/results/DNABERT1_6_3e-5_demo_coding_vs_intergenomic_seed4,DNABERT,3e-5,GB,demo_coding_vs_intergenomic,4,0.4965,0.0,0.3317741396592048,0.24825,0.5,2.9792,6.0
/ocean/projects/bio230026p/lindseyl/TOKENIZATION_FINAL_PAPER/RESULTS_05.27.2025/RESULTS/DNABERT/GB/gb_DNABERT1_6_3e-5_drosophilia_enhancers_seed9/results/DNABERT1_6_3e-5_drosophilia_enhancers_seed9,DNABERT,3e-5,GB,drosophilia_enhancers,9,0.5267727930535456,0.0,0.34502369668246446,0.2633863965267728,0.5,0.2203,6.0
/ocean/projects/bio230026p/lindseyl/TOKENIZATION_FINAL_PAPER/RESULTS_05.27.2025/RESULTS/DNABERT/GB/gb_DNABERT1_6_3e-5_drosophilia_enhancers_seed6/results/DNABERT1_6_3e-5_drosophilia_enhancers_seed6,DNABERT,3e-5,GB,drosophilia_enhancers,6,0.5267727930535456,0.0,0.34502369668246446,0.2633863965267728,0.5,0.2263,6.0
/ocean/projects/bio230026p/lindseyl/TOKENIZATION_FINAL_PAPER/RESULTS_05.27.2025/RESULTS/DNABERT/GB/gb_DNABERT1_6_3e-5_human_nontata_promoters_seed2/results/DNABERT1_6_3e-5_human_nontata_promoters_seed2,DNABERT,3e-5,GB,human_nontata_promoters,2,0.5480210351508442,0.0,0.3540139460039335,0.2740105175754221,0.5,1.0783,6.0
/ocean/projects/bio230026p/lindseyl/TOKENIZATION_FINAL_PAPER/RESULTS_05.27.2025/RESULTS/DNABERT/GB/gb_DNABERT1_6_3e-5_human_enhancers_cohn_seed5/results/DNABERT1_6_3e-5_human_enhancers_cohn_seed5,DNABERT,3e-5,GB,human_enhancers_cohn,5,0.5070169125584743,0.0,0.33643744030563516,0.2535084562792371,0.5,0.8361,6.0
/ocean/projects/bio230026p/lindseyl/TOKENIZATION_FINAL_PAPER/RESULTS_05.27.2025/RESULTS/DNABERT/GB/gb_DNABERT1_6_3e-5_dummy_mouse_enhancers_seed5/results/DNABERT1_6_3e-5_dummy_mouse_enhancers_seed5,DNABERT,3e-5,GB,dummy_mouse_enhancers,5,0.4462809917355372,0.0,0.30857142857142855,0.2231404958677686,0.5,0.0456,6.0
/ocean/projects/bio230026p/lindseyl/TOKENIZATION_FINAL_PAPER/RESULTS_05.27.2025/RESULTS/DNABERT/GB/gb_DNABERT1_6_3e-5_demo_coding_vs_intergenomic_seed3/results/DNABERT1_6_3e-5_demo_coding_vs_intergenomic_seed3,DNABERT,3e-5,GB,demo_coding_vs_intergenomic,3,0.4965,0.0,0.3317741396592048,0.24825,0.5,2.9807,6.0
/ocean/projects/bio230026p/lindseyl/TOKENIZATION_FINAL_PAPER/RESULTS_05.27.2025/RESULTS/DNABERT/GB/gb_DNABERT1_6_3e-5_human_ocr_ensembl_seed6/results/DNABERT1_6_3e-5_human_ocr_ensembl_seed6,DNABERT,3e-5,GB,human_ocr_ensembl,6,0.5042915999084459,0.0,0.33523526950435545,0.2521457999542229,0.5,5.3922,6.0
/ocean/projects/bio230026p/lindseyl/TOKENIZATION_FINAL_PAPER/RESULTS_05.27.2025/RESULTS/DNABERT/GB/gb_DNABERT1_6_3e-5_human_enhancers_ensembl_seed7/results/DNABERT1_6_3e-5_human_enhancers_ensembl_seed7,DNABERT,3e-5,GB,human_enhancers_ensembl,7,0.4974812709894084,0.0,0.3322120153534308,0.2487406354947042,0.5,4.8379,6.0
/ocean/projects/bio230026p/lindseyl/TOKENIZATION_FINAL_PAPER/RESULTS_05.27.2025/RESULTS/NTv2/GB/gb_NTv2_1e-4_human_nontata_promoters_seed1/results/NTv2__1e-4_human_nontata_promoters_seed1,NTv2,1e-4,GB,human_nontata_promoters,1,0.8419595903681152,0.6940671621169432,0.8419068351963418,0.8460425734481467,0.8480274267475737,6.8525,4.0
/ocean/projects/bio230026p/lindseyl/TOKENIZATION_FINAL_PAPER/RESULTS_05.27.2025/RESULTS/NTv2/GB/gb_NTv2_1e-4_human_ocr_ensembl_seed1/results/NTv2__1e-4_human_ocr_ensembl_seed1,NTv2,1e-4,GB,human_ocr_ensembl,1,0.6743533989471275,0.34881329389121457,0.6739880893118277,0.6746980361177043,0.6741157437987199,283.7119,4.0
/ocean/projects/bio230026p/lindseyl/TOKENIZATION_FINAL_PAPER/RESULTS_05.27.2025/RESULTS/NTv2/GB/gb_NTv2_1e-4_demo_coding_vs_intergenomic_seed1/results/NTv2__1e-4_demo_coding_vs_intergenomic_seed1,NTv2,1e-4,GB,demo_coding_vs_intergenomic,1,0.9244,0.84907992131454,0.9243977954397151,0.9245968292593825,0.9244830996718839,17.8403,4.0
/ocean/projects/bio230026p/lindseyl/TOKENIZATION_FINAL_PAPER/RESULTS_05.27.2025/RESULTS/NTv2/GB/gb_NTv2_1e-4_human_enhancers_cohn_seed1/results/NTv2__1e-4_human_enhancers_cohn_seed1,NTv2,1e-4,GB,human_enhancers_cohn,1,0.6847786973731558,0.3738002152377097,0.6839418196321351,0.6881729492770061,0.6856358757310925,12.0627,4.0
/ocean/projects/bio230026p/lindseyl/TOKENIZATION_FINAL_PAPER/RESULTS_05.27.2025/RESULTS/NTv2/GB/gb_NTv2_1e-4_dummy_mouse_enhancers_seed1/results/NTv2__1e-4_dummy_mouse_enhancers_seed1,NTv2,1e-4,GB,dummy_mouse_enhancers,1,0.7024793388429752,0.39606227218819257,0.6978357380688125,0.6988573021181717,0.6972084024322831,0.485,4.0
/ocean/projects/bio230026p/lindseyl/TOKENIZATION_FINAL_PAPER/RESULTS_05.27.2025/RESULTS/NTv2/GB/gb_NTv2_1e-4_human_enhancers_ensembl_seed1/results/NTv2__1e-4_human_enhancers_ensembl_seed1,NTv2,1e-4,GB,human_enhancers_ensembl,1,0.85643244639628,0.7132202674578456,0.8563627822343266,0.8568772290039193,0.8563432383542845,226.8177,4.0
/ocean/projects/bio230026p/lindseyl/TOKENIZATION_FINAL_PAPER/RESULTS_05.27.2025/RESULTS/GPT/GB/gb_GPT_1e-4_demo_coding_vs_intergenomic_seed1/results/GPT_1e-4_demo_coding_vs_intergenomic_seed1,GPT,1e-4,GB,demo_coding_vs_intergenomic,1,0.8401,0.681037256660693,0.8399181966968066,0.8411331081598645,0.8399052553575126,16.2443,4.0
/ocean/projects/bio230026p/lindseyl/TOKENIZATION_FINAL_PAPER/RESULTS_05.27.2025/RESULTS/GPT/GB/gb_GPT_1e-4_dummy_mouse_enhancers_seed2/results/GPT_1e-4_dummy_mouse_enhancers_seed2,GPT,1e-4,GB,dummy_mouse_enhancers,2,0.6859504132231405,0.37686111000397876,0.6854132457580734,0.6873974849644615,0.689469320066335,0.1795,4.0
/ocean/projects/bio230026p/lindseyl/TOKENIZATION_FINAL_PAPER/RESULTS_05.27.2025/RESULTS/GPT/GB/gb_GPT_1e-4_human_ocr_ensembl_seed1/results/GPT_1e-4_human_ocr_ensembl_seed1,GPT,1e-4,GB,human_ocr_ensembl,1,0.7392423895628291,0.47951314838757114,0.7391335289879941,0.740041280875645,0.7394722051950713,64.0324,4.0
/ocean/projects/bio230026p/lindseyl/TOKENIZATION_FINAL_PAPER/RESULTS_05.27.2025/RESULTS/GPT/GB/gb_GPT_1e-4_human_nontata_promoters_seed1/results/GPT_1e-4_human_nontata_promoters_seed1,GPT,1e-4,GB,human_nontata_promoters,1,0.8372543592582341,0.6860820030049237,0.8372268142658809,0.8422954696622571,0.8437881571378203,5.7426,4.0
/ocean/projects/bio230026p/lindseyl/TOKENIZATION_FINAL_PAPER/RESULTS_05.27.2025/RESULTS/GPT/GB/gb_GPT_1e-4_human_enhancers_ensembl_seed2/results/GPT_1e-4_human_enhancers_ensembl_seed2,GPT,1e-4,GB,human_enhancers_ensembl,2,0.8448721260656161,0.6898087881827725,0.8448719164280485,0.8449093660390372,0.8448994222154069,58.2517,4.0
/ocean/projects/bio230026p/lindseyl/TOKENIZATION_FINAL_PAPER/RESULTS_05.27.2025/RESULTS/GPT/GB/gb_GPT_1e-4_human_enhancers_cohn_seed1/results/GPT_1e-4_human_enhancers_cohn_seed1,GPT,1e-4,GB,human_enhancers_cohn,1,0.68909679740914,0.3792459922861768,0.6890223432429408,0.6897964193555753,0.6894497313930779,8.3545,4.0
/ocean/projects/bio230026p/lindseyl/TOKENIZATION_FINAL_PAPER/RESULTS_05.27.2025/RESULTS/GPT/GB/gb_GPT_1e-4_human_enhancers_cohn_seed2/results/GPT_1e-4_human_enhancers_cohn_seed2,GPT,1e-4,GB,human_enhancers_cohn,2,0.6790212306585103,0.35838721216692176,0.6780453415264919,0.6800087093441958,0.6783821937181725,8.36,4.0
/ocean/projects/bio230026p/lindseyl/TOKENIZATION_FINAL_PAPER/RESULTS_05.27.2025/RESULTS/GPT/GB/gb_GPT_1e-4_dummy_mouse_enhancers_seed1/results/GPT_1e-4_dummy_mouse_enhancers_seed1,GPT,1e-4,GB,dummy_mouse_enhancers,1,0.6363636363636364,0.3192191794042445,0.6333333333333334,0.6657722122838402,0.6536760641238253,0.1833,4.0
/ocean/projects/bio230026p/lindseyl/TOKENIZATION_FINAL_PAPER/RESULTS_05.27.2025/RESULTS/GPT/GB/gb_GPT_1e-4_human_ocr_ensembl_seed2/results/GPT_1e-4_human_ocr_ensembl_seed2,GPT,1e-4,GB,human_ocr_ensembl,2,0.6060883497367818,0.21506283246971394,0.6046721100790934,0.6084233937191038,0.6066467768702273,64.7372,4.0
/ocean/projects/bio230026p/lindseyl/TOKENIZATION_FINAL_PAPER/RESULTS_05.27.2025/RESULTS/GPT/GB/gb_GPT_1e-4_demo_human_or_worm_seed1/results/GPT_1e-4_demo_human_or_worm_seed1,GPT,1e-4,GB,demo_human_or_worm,1,0.8654,0.7346710300867273,0.8652134770180366,0.8686932975062459,0.8659827328699603,13.223,4.0
/ocean/projects/bio230026p/lindseyl/TOKENIZATION_FINAL_PAPER/RESULTS_05.27.2025/RESULTS/GPT/GB/gb_GPT_1e-4_human_enhancers_ensembl_seed1/results/GPT_1e-4_human_enhancers_ensembl_seed1,GPT,1e-4,GB,human_enhancers_ensembl,1,0.7997933350555412,0.5996252005377317,0.7997933317153432,0.7998122201080647,0.799812980430149,51.7218,4.0
/ocean/projects/bio230026p/lindseyl/TOKENIZATION_FINAL_PAPER/RESULTS_05.27.2025/RESULTS/GPT/GB/gb_GPT_1e-4_drosophilia_enhancers_seed1/results/GPT_1e-4_drosophilia_enhancers_seed1,GPT,1e-4,GB,drosophilia_enhancers,1,0.6555716353111433,0.3143123760923971,0.6555651430869245,0.6570888944850164,0.6572235104345197,0.9814,4.0
